name,price,url
Кровать Кейси 90 Velvet Coral,29 990,/product/krovat-kejsi-90-velvet-coral
Подушка Китти Barhat White,2490,/product/podushka-kitti-barhat-white
Модульная детская Руффи-3 White,78 260,/product/modulnaya-detskaya-ruffi-3-white
Детская кровать Обри-2 80 Wood,19 990,/product/detskaya-krovat-obri-80-wood
Распашной шкаф Руффи-2 White,42 990,/product/raspashnoj-shkaf-ruffi-2-1-white
Тумба детская Виоли-1 White,9990,/product/tumba-detskaya-violi-1-white
Подушка Лунни Bucle Yellow,1890,/product/podushka-lunni-bucle-yellow
Письменный стол Лесли-2 Plywood White,24 990,/product/pismennyj-stol-lesli-2-plywood-white
Ковер Тут Рядом Неожиданно Бежевый 120x180,7590,/product/kover-tut-ryadom-neojidanno-bejevyj-120x180
Стеллаж Руффи-1 Mustard,26 990,/product/stellaj-ruffi-1-mustard
Подушка Мона Barhat White,1990,/product/podushka-mona-barhat-white
Комод детский Виоли-1 White,18 990,/product/komod-detskij-violi-1-white
Кровать Лейла-1 90 Velvet Light,27 990,/product/krovat-lejla-1-90-velvet-light
Подушка Китти Barhat Silver,2490,/product/podushka-kitti-barhat-silver
Подушка Тут Рядом Красавчик Бежевая,2990,/product/podushka-tut-ryadom-krasavchik-bejevaya
Тумба Руффи-1 White,13 990,/product/tumba-ruffi-1-white
Детская кровать Обри-1 80 Velvet Red,22 990,/product/detskaya-krovat-obri-80-velvet-red
Ковер Тут Рядом Мягко Бежевый 160x230,12 190,/product/kover-tut-ryadom-myagko-bejevyj-160x230
Тумба детская Виоли-2 White,12 990,/product/tumba-detskaya-violi-2-white
Подушка Китти Barhat Mint,2490,/product/podushka-kitti-barhat-mint
Подушка Лисси Velvet Yellow,2390,/product/podushka-lissi-velvet-yellow
Письменный стол Велди-2 Santiago,32 990,/product/pismennyj-stol-veldi-2-santiago
Стеллаж Руффи-1 White,25 990,/product/stellaj-ruffi-1-white
Кровать Кейси 90 Textile Silver,26 990,/product/krovat-kejsi-90-textile-silver
Письменный стол Пенни-3 Plywood White,18 990,/product/pismennyj-stol-penni-3-plywood-white
Комод Руффи-1 White,25 990,/product/komod-ruffi-1-white
Подушка Лунни Bucle Violet,1890,/product/podushka-lunni-bucle-violet
Стеллаж детский Виоли-1 White,14 990,/product/stellaj-detskij-violi-1-white
Подушка Китти Barhat Rose,2490,/product/podushka-kitti-barhat-rose
Кровать Кейси 90 Textile Light,26 990,/product/krovat-kejsi-90-textile-light
Письменный стол Велди-2 Rose,32 990,/product/pismennyj-stol-veldi-2-rose
Распашной шкаф Руффи-2 Mustard,44 990,/product/raspashnoj-shkaf-ruffi-2-mustard
Кровать Лейла-1 90 Velvet Coral,27 990,/product/krovat-lejla-1-90-velvet-coral
Подушка Тут Рядом Дом Синяя,3490,/product/podushka-tut-ryadom-dom-sinyaya
Кровать Лейден 90 Grafit,36 990,/product/krovat-lejden-90-grafit
Шкаф детский Виоли-2 White,26 990,/product/shkaf-detskij-violi-2-white
Модульная детская Руффи-6 White,76 260,/product/modulnaya-detskaya-ruffi-6-white
Письменный стол Велди-2 Milk,32 990,/product/pismennyj-stol-veldi-2-milk
Подушка Лисси Velvet Lilac,2390,/product/podushka-lissi-velvet-lilac
Подушка Лион Barhat Olive,1490,/product/podushka-lion-barhat-olive
Комод Руффи-1 Mustard,26 990,/product/komod-ruffi-1-mustard
Полка детская Руффи-2 White,1590,/product/polka-detskaya-ruffi-2-white
Подушка Тут Рядом Город Сине-бежевая,2890,/product/podushka-tut-ryadom-gorod-sine-bejevaya
Комод Анджи-1 Plywood,16 990,/product/komod-andji-1-plywood
Подушка Лисси Velvet Mint,2390,/product/podushka-lissi-velvet-mint
Кресло Донда Black,10 990,/product/kreslo-donda-black
Полка детская Виоли-1 White,1990,/product/polka-detskaya-violi-1-white
Кровать Рунда 90 Barhat Mint,29 990,/product/krovat-runda-90-barhat-mint
